<?xml version="1.0" encoding="UTF-8"?>
<project-private xmlns="http://www.netbeans.org/ns/project-private/1">
    <editor-bookmarks xmlns="http://www.netbeans.org/ns/editor-bookmarks/2" lastBookmarkId="0"/>
    <open-files xmlns="http://www.netbeans.org/ns/projectui-open-files/2">
        <group>
            <file>file:/D:/jsp/Nujonyoutube/web/form.jsp</file>
            <file>file:/D:/jsp/Nujonyoutube/web/formup.jsp</file>
            <file>file:/D:/jsp/Nujonyoutube/web/update.jsp</file>
            <file>file:/D:/jsp/Nujonyoutube/web/insert.jsp</file>
            <file>file:/D:/jsp/Nujonyoutube/web/connect.jsp</file>
        </group>
    </open-files>
</project-private>
